<?xml version="1.0" encoding="UTF-8"?>
<project-private xmlns="http://www.netbeans.org/ns/project-private/1">
    <editor-bookmarks xmlns="http://www.netbeans.org/ns/editor-bookmarks/2" lastBookmarkId="0"/>
    <open-files xmlns="http://www.netbeans.org/ns/projectui-open-files/2">
        <group>
            <file>file:/C:/Users/luisd/OneDrive/Documentos/NetBeansProjects/ProyectoCursosLibres/src/java/Servicios/servicioCursos.java</file>
            <file>file:/C:/Users/luisd/OneDrive/Documentos/NetBeansProjects/ProyectoCursosLibres/web/css/default.css</file>
            <file>file:/C:/Users/luisd/OneDrive/Documentos/NetBeansProjects/ProyectoCursosLibres/web/grupos.jsp</file>
            <file>file:/C:/Users/luisd/OneDrive/Documentos/NetBeansProjects/ProyectoCursosLibres/src/java/Servicios/servicioGrupos.java</file>
        </group>
    </open-files>
</project-private>
