<?xml version="1.0" encoding="UTF-8"?>
<project-private xmlns="http://www.netbeans.org/ns/project-private/1">
    <editor-bookmarks xmlns="http://www.netbeans.org/ns/editor-bookmarks/2" lastBookmarkId="1">
        <file>
            <url>src/java/Servicios/servicioMatricula.java</url>
            <bookmark id="1">
                <name/>
                <line>0</line>
                <key/>
            </bookmark>
        </file>
    </editor-bookmarks>
    <open-files xmlns="http://www.netbeans.org/ns/projectui-open-files/2">
        <group>
            <file>file:/C:/Users/luisd/OneDrive/Documentos/NetBeansProjects/ProyectoCursosLibres/web/css/menuCSS.css</file>
            <file>file:/C:/Users/luisd/OneDrive/Documentos/NetBeansProjects/ProyectoCursosLibres/web/css/default.css</file>
            <file>file:/C:/Users/luisd/OneDrive/Documentos/NetBeansProjects/ProyectoCursosLibres/web/historial.jsp</file>
            <file>file:/C:/Users/luisd/OneDrive/Documentos/NetBeansProjects/ProyectoCursosLibres/web/menu.jsp</file>
            <file>file:/C:/Users/luisd/OneDrive/Documentos/NetBeansProjects/ProyectoCursosLibres/web/registrarProfe.jsp</file>
            <file>file:/C:/Users/luisd/OneDrive/Documentos/NetBeansProjects/ProyectoCursosLibres/web/profesores.jsp</file>
        </group>
    </open-files>
</project-private>
